Model,TOPSIS Score
distilgpt2,0.8364256588320151
pythia_160m,0.4926665622727851
dialogpt_small,0.47889742669561325
gpt_neo_125M,0.47049606637419783
gpt2,0.299504016971631
